Currency,Date,Exchange Rate
,,
USD,7/12/2022,360.9048
USD,7/11/2022,361.35
USD,7/8/2022,360.3497
USD,7/7/2022,360.82
USD,7/6/2022,359.8167
USD,7/5/2022,359.7941
USD,7/4/2022,359.7941
USD,7/1/2022,359.55
USD,6/30/2022,359.8782
USD,6/29/2022,359.72
USD,6/28/2022,359.9
USD,6/27/2022,360.3
USD,6/24/2022,360.3
USD,6/23/2022,360.9
USD,6/22/2022,360.9
USD,6/21/2022,361.75
USD,6/20/2022,360.75
USD,6/17/2022,359.75
USD,6/16/2022,359.85
USD,6/15/2022,359.85
USD,6/13/2022,359.8338
USD,6/10/2022,359.8
USD,6/9/2022,360.0255
USD,6/8/2022,360.0255
USD,6/7/2022,360.2773
USD,6/6/2022,360.2773
USD,6/3/2022,360.3
USD,6/2/2022,360.6
USD,6/1/2022,360.1114
USD,5/31/2022,360.76
USD,5/30/2022,360.76
USD,5/27/2022,359.25
USD,5/26/2022,359.7079
USD,5/25/2022,359.3764
USD,5/24/2022,359.3764
USD,5/23/2022,359.4373
USD,5/20/2022,359.475
USD,5/19/2022,359.55
USD,5/18/2022,359.65
USD,5/17/2022,359.75
USD,5/13/2022,360
USD,5/12/2022,360
USD,5/11/2022,364.76
USD,5/10/2022,364.76
USD,5/9/2022,364.76
USD,5/6/2022,358.5686
USD,5/5/2022,349.9
USD,5/4/2022,340
USD,4/29/2022,341.85
USD,4/28/2022,341.85
USD,4/27/2022,337.9
USD,4/26/2022,340.465
USD,4/25/2022,334.8
USD,4/22/2022,334.8
USD,4/21/2022,335
USD,4/20/2022,310
USD,4/19/2022,310
USD,4/18/2022,313.67
USD,4/12/2022,313.67
USD,4/11/2022,311.675
USD,4/8/2022,299
USD,4/7/2022,299.8125
USD,4/6/2022,307.7891
USD,4/5/2022,307.7891
USD,4/4/2022,310.8571
USD,4/1/2022,299
USD,3/31/2022,299
USD,3/30/2022,306.0796
USD,3/29/2022,294.9843
USD,3/28/2022,294.9843
USD,3/25/2022,290
USD,3/24/2022,280
USD,3/23/2022,280.42
USD,3/22/2022,280
USD,3/21/2022,275
USD,3/18/2022,267.8769
USD,3/16/2022,267.8621
USD,3/15/2022,263.33
USD,3/14/2022,251.9685
USD,3/11/2022,251.9685
USD,3/10/2022,229.3358
USD,3/9/2022,229.5
USD,3/8/2022,202.0909
USD,3/7/2022,202.04
USD,3/4/2022,201.6305
USD,3/3/2022,202
USD,3/2/2022,201.8979
USD,2/28/2022,201.0571
USD,2/25/2022,202.33
USD,2/24/2022,201.1908
USD,2/23/2022,201.1908
USD,2/22/2022,202
USD,2/21/2022,201.9298
USD,2/18/2022,202.1141
USD,2/17/2022,202.0123
USD,2/15/2022,201
USD,2/14/2022,201.0142
USD,2/11/2022,202
USD,2/10/2022,201.9637
USD,2/9/2022,202.0659
USD,2/8/2022,202.4091
USD,2/7/2022,202
USD,2/3/2022,201.5833
USD,2/2/2022,201.4205
USD,2/1/2022,201.97
USD,1/31/2022,201.191
USD,1/28/2022,201.191
USD,1/27/2022,202
USD,1/26/2022,201.5882
USD,1/25/2022,202.0323
USD,1/24/2022,202
USD,1/21/2022,202.75
USD,1/20/2022,201.053
USD,1/19/2022,201.9442
USD,1/18/2022,201.9442
USD,1/13/2022,201.7844
USD,1/12/2022,200.9798
USD,1/11/2022,200.945
USD,1/10/2022,201.9011
USD,1/7/2022,201.3347
USD,1/6/2022,201.048
USD,1/5/2022,201.7081
USD,1/4/2022,200
USD,1/3/2022,200.4338
USD,12/31/2021,200.4338
USD,12/30/2021,203
USD,12/29/2021,201
USD,12/28/2021,201.5032
USD,12/27/2021,200.918
USD,12/24/2021,200.918
USD,12/23/2021,200.7232
USD,12/22/2021,201.3214
USD,12/21/2021,201.51
USD,12/20/2021,203
USD,12/17/2021,201.5384
USD,12/16/2021,200.6717
USD,12/15/2021,201.873
USD,12/14/2021,201.873
USD,12/13/2021,201.3297
USD,12/10/2021,201.0603
USD,12/9/2021,201.2222
USD,12/8/2021,201.5945
USD,12/7/2021,200.01
USD,12/6/2021,202.25
USD,12/3/2021,200.4453
USD,12/2/2021,201.9333
USD,12/1/2021,202.0474
USD,11/30/2021,202.0474
USD,11/29/2021,201.7582
USD,11/26/2021,201.2131
USD,11/25/2021,200.9721
USD,11/24/2021,200.7778
USD,11/23/2021,202.4167
USD,11/22/2021,202.2
USD,11/19/2021,202.192
USD,11/17/2021,201.3428
USD,11/16/2021,202.05
USD,11/15/2021,202.05
USD,11/12/2021,202.3478
USD,11/11/2021,201.4145
USD,11/10/2021,202.3848
USD,11/9/2021,202.0549
USD,11/8/2021,200.3103
USD,11/5/2021,202.6244
USD,11/3/2021,202.5566
USD,11/2/2021,202.4998
USD,11/1/2021,201.95
USD,10/29/2021,201.8705
USD,10/28/2021,200.0311
USD,10/27/2021,202.2092
USD,10/26/2021,203
USD,10/25/2021,201.9836
USD,10/22/2021,201.0455
USD,10/21/2021,200.5117
USD,10/18/2021,200.093
USD,10/15/2021,201.25
USD,10/14/2021,200.0018
USD,10/13/2021,200
USD,10/12/2021,202.4
USD,10/11/2021,202.4
USD,10/8/2021,202.98
USD,10/7/2021,200.035
USD,10/6/2021,200.06
USD,10/5/2021,200
USD,10/4/2021,200.14
USD,10/1/2021,200.6959
USD,9/30/2021,199.9857
USD,9/29/2021,199.9857
USD,9/28/2021,200.0335
USD,9/27/2021,200
USD,9/24/2021,200.2591
USD,9/23/2021,199.9
USD,9/22/2021,199.6314
USD,9/21/2021,199.933
USD,9/17/2021,200
USD,9/16/2021,200.0063
USD,9/15/2021,200
USD,9/14/2021,200
USD,9/13/2021,200
USD,9/10/2021,200
USD,9/9/2021,199.9815
USD,9/8/2021,199.95
USD,9/7/2021,207.3455
USD,9/6/2021,207.3455
USD,9/3/2021,207.3455
USD,9/2/2021,210
USD,9/1/2021,210
USD,8/31/2021,210
USD,8/30/2021,202.6164
USD,8/27/2021,200
USD,8/26/2021,199.95
USD,8/25/2021,199.9
USD,8/24/2021,199.9
USD,8/23/2021,199.9
USD,8/20/2021,199.9
USD,8/19/2021,199.9
USD,8/18/2021,199.9
USD,8/17/2021,199.9217
USD,8/16/2021,199.98
USD,8/13/2021,199.916
USD,8/12/2021,199.916
USD,8/11/2021,199.916
USD,8/10/2021,199.9
USD,8/9/2021,199.9075
USD,8/6/2021,199.9
USD,8/5/2021,199.9
USD,8/4/2021,199.9
USD,8/3/2021,199.9
USD,8/2/2021,199.9
USD,7/30/2021,199.9
USD,7/29/2021,199.9033
USD,7/28/2021,199.9
USD,7/27/2021,199.9076
USD,7/26/2021,199.9329
USD,7/22/2021,199.9
USD,7/20/2021,199.9019
USD,7/19/2021,199.8942
USD,7/16/2021,199.9
USD,7/15/2021,199.8998
USD,7/14/2021,199.9
USD,7/13/2021,199.9
USD,7/12/2021,199.9056
USD,7/9/2021,199.9
USD,7/8/2021,199.9
USD,7/7/2021,199.9
USD,7/6/2021,199.9
USD,7/5/2021,199.9079
USD,7/2/2021,200.5222
USD,7/1/2021,200.78
USD,6/30/2021,201.1381
USD,6/29/2021,199.9005
USD,6/28/2021,199.8904
USD,6/25/2021,199.8664
USD,6/23/2021,199.8938
USD,6/22/2021,199.9083
USD,6/21/2021,199.8743
USD,6/18/2021,199.8265
USD,6/17/2021,199.8643
USD,6/16/2021,199.7238
USD,6/15/2021,199.5
USD,6/14/2021,199.8891
USD,6/11/2021,199.7609
USD,6/10/2021,199.6761
USD,6/9/2021,199.825
USD,6/8/2021,199.695
USD,6/7/2021,199.6853
USD,6/4/2021,199.6853
USD,6/3/2021,199.5342
USD,6/2/2021,199.5
USD,6/1/2021,199.5
USD,5/31/2021,199.5
USD,5/28/2021,199.5632
USD,5/25/2021,199.5057
USD,5/24/2021,199.6668
USD,5/21/2021,199.9
USD,5/20/2021,199.6625
USD,5/19/2021,199.6716
USD,5/18/2021,199.7873
USD,5/17/2021,199.5
USD,5/13/2021,199.5
USD,5/12/2021,199.5695
USD,5/11/2021,199.5817
USD,5/10/2021,199.5062
USD,5/7/2021,199.5155
USD,5/6/2021,199.5887
USD,5/5/2021,199.5872
USD,5/4/2021,199.6915
USD,5/3/2021,199.2275
USD,4/30/2021,199.5437
USD,4/29/2021,199.75
USD,4/28/2021,197.5
USD,4/27/2021,197.5
USD,4/23/2021,191.9368
USD,4/22/2021,192
USD,4/21/2021,191.881
USD,4/20/2021,191.9721
USD,4/19/2021,194.4485
USD,4/16/2021,199.9346
USD,4/15/2021,200
USD,4/12/2021,199.91
USD,4/9/2021,199.8744
USD,4/8/2021,200.0184
USD,4/7/2021,199.005
USD,4/6/2021,199.75
USD,4/5/2021,199.375
USD,4/1/2021,199.2153
USD,3/31/2021,199.0377
USD,3/30/2021,199.4353
USD,3/29/2021,198.1705
USD,3/26/2021,198.445
USD,3/25/2021,198
USD,3/24/2021,198.953
USD,3/23/2021,197.7692
USD,3/22/2021,197.4667
USD,3/19/2021,199.2803
USD,3/18/2021,197.45
USD,3/17/2021,198.4945
USD,3/16/2021,196.775
USD,3/15/2021,196.0383
USD,3/12/2021,196.5333
USD,3/10/2021,195.9905
USD,3/9/2021,195.5
USD,3/8/2021,195.5
USD,3/5/2021,195.3636
USD,3/4/2021,195.2692
USD,3/3/2021,195.6288
USD,3/2/2021,194.5
USD,3/1/2021,194.0149
USD,2/25/2021,194.0119
USD,2/24/2021,194.056
USD,2/23/2021,194.2126
USD,2/22/2021,194.8257
USD,2/19/2021,194.85
USD,2/18/2021,194.85
USD,2/17/2021,194.958
USD,2/16/2021,193.9717
USD,2/15/2021,193.9717
USD,2/12/2021,194.625
USD,2/11/2021,194.5
USD,2/10/2021,194.309
USD,2/9/2021,194.358
USD,2/8/2021,193.7369
USD,2/5/2021,194.4118
USD,2/3/2021,194.0008
USD,2/2/2021,192.5656
USD,2/1/2021,190.9824
USD,1/29/2021,194.3948
USD,1/27/2021,195.863
USD,1/26/2021,196.1519
USD,1/25/2021,196.8017
USD,1/22/2021,196.425
USD,1/21/2021,194.798
USD,1/20/2021,194.798
USD,1/19/2021,193.6458
USD,1/18/2021,192.7447
USD,1/15/2021,191.0367
USD,1/13/2021,186.994
USD,1/12/2021,187
USD,1/11/2021,187.5251
USD,1/8/2021,185.5
USD,1/7/2021,185
USD,1/6/2021,185
USD,1/5/2021,185
USD,1/4/2021,185.275
USD,1/1/2021,185.3906
USD,12/31/2020,186.4082
USD,12/30/2020,187.9667
USD,12/28/2020,190.2846
USD,12/24/2020,190.2188
USD,12/23/2020,189.2842
USD,12/22/2020,187.7
USD,12/21/2020,187.86
USD,12/18/2020,187.878
USD,12/17/2020,188.0686
USD,12/16/2020,187.8877
USD,12/15/2020,186.7323
USD,12/14/2020,186.02
USD,12/11/2020,185.9087
USD,12/10/2020,185.9231
USD,12/9/2020,186.1692
USD,12/8/2020,186.2349
USD,12/7/2020,185.4773
USD,12/4/2020,186.5279
USD,12/3/2020,186.8761
USD,12/2/2020,185.6
USD,12/1/2020,185.8
USD,11/30/2020,184.9601
USD,11/27/2020,185.2192
USD,11/26/2020,185.5071
USD,11/25/2020,185.4
USD,11/24/2020,185.4844
USD,11/23/2020,185.1174
USD,11/20/2020,184.6405
USD,11/19/2020,184.9321
USD,11/18/2020,184.9
USD,11/17/2020,185.0098
USD,11/16/2020,184.6106
USD,11/13/2020,184.6036
USD,11/12/2020,184.5985
USD,11/11/2020,184.5183
USD,11/10/2020,184.6113
USD,11/9/2020,184.4664
USD,11/6/2020,184.437
USD,11/5/2020,184.3855
USD,11/4/2020,184.431
USD,11/3/2020,184.4256
USD,11/2/2020,184.2938
USD,10/29/2020,184.2769
USD,10/28/2020,184.2983
USD,10/27/2020,184.3315
USD,10/26/2020,184.5397
USD,10/23/2020,184.3012
USD,10/22/2020,184.3514
USD,10/21/2020,184.4198
USD,10/20/2020,184.3122
USD,10/19/2020,184.3203
USD,10/16/2020,184.6942
USD,10/15/2020,184.6039
USD,10/14/2020,184.2721
USD,10/13/2020,184.1919
USD,10/12/2020,184.1909
USD,10/9/2020,184.1916
USD,10/8/2020,184.4723
USD,10/7/2020,184.7127
USD,10/6/2020,184.7631
USD,10/5/2020,184.5675
USD,10/2/2020,184.9467
USD,9/30/2020,185.5224
USD,9/29/2020,185.2765
USD,9/28/2020,185.1969
USD,9/25/2020,185.0175
USD,9/24/2020,185.0959
USD,9/23/2020,185.3808
USD,9/22/2020,185.5337
USD,9/21/2020,185.3935
USD,9/18/2020,184.9621
USD,9/17/2020,184.8888
USD,9/16/2020,184.4109
USD,9/15/2020,184.2087
USD,9/14/2020,184.5487
USD,9/11/2020,184.736
USD,9/10/2020,184.3531
USD,9/9/2020,184.3959
USD,9/8/2020,184.7814
USD,9/7/2020,185.2125
USD,9/4/2020,185.2317
USD,9/3/2020,185.4189
USD,9/2/2020,186.1004
USD,8/31/2020,186.1578
USD,8/28/2020,186.2504
USD,8/27/2020,186.3253
USD,8/26/2020,186.1231
USD,8/25/2020,184.7242
USD,8/24/2020,184.1213
USD,8/21/2020,186.0642
USD,8/20/2020,185.2732
USD,8/19/2020,184.0783
USD,8/18/2020,183.3052
USD,8/17/2020,182.8155
USD,8/14/2020,182.645
USD,8/13/2020,183.4614
USD,8/12/2020,184.2772
USD,8/11/2020,184.8127
USD,8/10/2020,185.3294
USD,8/7/2020,185.4435
USD,8/6/2020,185.5025
USD,8/5/2020,185.5532
USD,8/4/2020,185.6137
USD,7/31/2020,185.6769
USD,7/30/2020,185.7224
USD,7/29/2020,185.7586
USD,7/28/2020,185.7498
USD,7/27/2020,185.7681
USD,7/24/2020,185.7495
USD,7/23/2020,185.7909
USD,7/22/2020,185.776
USD,7/21/2020,185.7477
USD,7/20/2020,185.7792
USD,7/17/2020,185.8043
USD,7/16/2020,185.8084
USD,7/15/2020,185.8384
USD,7/14/2020,185.9109
USD,7/13/2020,185.8664
USD,7/10/2020,185.7142
USD,7/9/2020,185.8278
USD,7/8/2020,185.8464
USD,7/7/2020,185.8686
USD,7/6/2020,185.9691
USD,7/3/2020,186.0915
USD,7/2/2020,186.2482
USD,7/1/2020,186.2067
USD,6/30/2020,186.2292
USD,6/29/2020,186.1179
USD,6/26/2020,186.44
USD,6/25/2020,186.5942
USD,6/24/2020,186.6693
USD,6/23/2020,186.603
USD,6/22/2020,186.5972
USD,6/19/2020,186.5611
USD,6/18/2020,186.6082
USD,6/17/2020,185.9544
USD,6/16/2020,185.6585
USD,6/15/2020,185.1799
USD,6/12/2020,185.1677
USD,6/11/2020,185.1107
USD,6/10/2020,185.0856
USD,6/9/2020,185.0714
USD,6/8/2020,185.4808
USD,6/4/2020,185.7939
USD,6/3/2020,185.8628
USD,6/2/2020,186.1136
USD,6/1/2020,186.1456
USD,5/29/2020,186.2865
USD,5/28/2020,186.1153
USD,5/27/2020,186.081
USD,5/26/2020,185.6954
USD,5/22/2020,186.9062
USD,5/21/2020,187.2876
USD,5/20/2020,187.6121
USD,5/19/2020,187.59
USD,5/18/2020,187.9868
USD,5/15/2020,188.0186
USD,5/14/2020,188.1954
USD,5/13/2020,188.4262
USD,5/12/2020,188.1075
USD,5/11/2020,188.3479
USD,5/6/2020,188.952
USD,5/5/2020,190.1281
USD,5/4/2020,191.9692
USD,4/30/2020,192.85
USD,4/29/2020,192.7667
USD,4/28/2020,192.5
USD,4/27/2020,192
USD,4/24/2020,192
USD,4/23/2020,192.72
USD,4/22/2020,192.6909
USD,4/21/2020,194.8458
USD,4/20/2020,191.7233
USD,4/17/2020,192.6776
USD,4/16/2020,191.6919
USD,4/15/2020,192.9366
USD,4/9/2020,199.7543
USD,4/8/2020,198.4216
USD,4/6/2020,194.8023
USD,4/3/2020,191
USD,4/2/2020,190
USD,4/1/2020,190.1563
USD,3/31/2020,188.6236
USD,3/30/2020,190.5
USD,3/27/2020,189.25
USD,3/26/2020,189.25
USD,3/25/2020,189.25
USD,3/24/2020,187
USD,3/23/2020,187
USD,3/20/2020,186.9384
USD,3/19/2020,184.9298
USD,3/18/2020,185.0854
USD,3/17/2020,183.6968
USD,3/13/2020,182.8203
USD,3/12/2020,182.4348
USD,3/11/2020,182.4495
USD,3/10/2020,181.8312
USD,3/6/2020,181.9223
USD,3/5/2020,182.0347
USD,3/4/2020,182.1086
USD,3/3/2020,182.0821
USD,3/2/2020,181.9261
USD,2/28/2020,181.8071
USD,2/27/2020,181.687
USD,2/26/2020,181.7458
USD,2/25/2020,181.7795
USD,2/24/2020,181.8423
USD,2/20/2020,181.8976
USD,2/19/2020,181.6199
USD,2/18/2020,181.5334
USD,2/17/2020,181.4757
USD,2/14/2020,181.4571
USD,2/13/2020,181.4481
USD,2/12/2020,181.424
USD,2/11/2020,181.4241
USD,2/10/2020,181.3709
USD,2/7/2020,181.3408
USD,2/6/2020,181.3973
USD,2/5/2020,181.4781
USD,2/3/2020,181.4017
USD,1/31/2020,181.5857
USD,1/30/2020,181.4984
USD,1/29/2020,181.5348
USD,1/28/2020,181.5275
USD,1/27/2020,181.4427
USD,1/24/2020,181.4156
USD,1/23/2020,181.4718
USD,1/22/2020,181.3344
USD,1/21/2020,181.3382
USD,1/20/2020,181.3097
USD,1/17/2020,181.3814
USD,1/16/2020,181.5279
USD,1/14/2020,181.3012
USD,1/13/2020,181.4054
USD,1/9/2020,181.4217
USD,1/8/2020,181.3102
USD,1/7/2020,181.4523
USD,1/6/2020,181.3198
USD,1/3/2020,181.3687
USD,1/2/2020,181.028
USD,1/1/2020,181.5011
USD,12/31/2019,181.634
USD,12/30/2019,181.3597
USD,12/27/2019,181.3709
USD,12/26/2019,181.3985
USD,12/24/2019,181.294
USD,12/23/2019,181.3806
USD,12/20/2019,181.3295
USD,12/19/2019,181.1935
USD,12/18/2019,181.1156
USD,12/17/2019,181.2795
USD,12/16/2019,181.0586
USD,12/13/2019,180.8635
USD,12/12/2019,181.1914
USD,12/10/2019,181.2534
USD,12/9/2019,181.4231
USD,12/6/2019,181.2836
USD,12/5/2019,181.3196
USD,12/4/2019,181.4671
USD,12/3/2019,180.9742
USD,12/2/2019,180.8879
USD,11/29/2019,180.4323
USD,11/28/2019,181.001
USD,11/27/2019,181.1855
USD,11/26/2019,180.491
USD,11/25/2019,179.9723
USD,11/22/2019,179.4674
USD,11/21/2019,179.1466
USD,11/20/2019,179.2694
USD,11/19/2019,179.9096
USD,11/18/2019,180.2128
USD,11/15/2019,180.2548
USD,11/14/2019,180.1982
USD,11/13/2019,180.6983
USD,11/8/2019,180.9083
USD,11/7/2019,180.5518
USD,11/6/2019,180.0088
USD,11/5/2019,180.7581
USD,11/4/2019,181.2844
USD,11/1/2019,181.3352
USD,10/31/2019,181.6011
USD,10/30/2019,181.5614
USD,10/29/2019,181.4573
USD,10/28/2019,181.3109
USD,10/25/2019,181.1849
USD,10/24/2019,181.4849
USD,10/23/2019,181.6278
USD,10/22/2019,181.8116
USD,10/21/2019,181.9793
USD,10/18/2019,182.0273
USD,10/17/2019,181.8746
USD,10/16/2019,181.7571
USD,10/15/2019,180.7469
USD,10/14/2019,180.6777
USD,10/11/2019,180.6293
USD,10/10/2019,180.4535
USD,10/9/2019,180.6316
USD,10/8/2019,181.0633
USD,10/7/2019,181.457
USD,10/4/2019,181.6494
USD,10/3/2019,182.119
USD,10/2/2019,182.3272
USD,10/1/2019,181.9427
USD,9/30/2019,181.9272
USD,9/27/2019,181.7509
USD,9/26/2019,181.4791
USD,9/25/2019,181.4365
USD,9/24/2019,181.2799
USD,9/23/2019,181.0995
USD,9/20/2019,180.9846
USD,9/19/2019,180.8088
USD,9/18/2019,180.6267
USD,9/17/2019,180.4781
USD,9/16/2019,180.3466
USD,9/12/2019,180.3541
USD,9/11/2019,180.3981
USD,9/10/2019,180.5674
USD,9/9/2019,180.8506
USD,9/6/2019,180.6611
USD,9/5/2019,180.5399
USD,9/4/2019,180.2128
USD,9/3/2019,179.6846
USD,9/2/2019,180.0171
USD,8/30/2019,180.7243
USD,8/29/2019,180.0718
USD,8/28/2019,179.6824
USD,8/27/2019,179.8292
USD,8/26/2019,179.9776
USD,8/23/2019,179.4669
USD,8/22/2019,178.3839
USD,8/21/2019,177.7501
USD,8/20/2019,177.3646
USD,8/19/2019,177.0103
USD,8/16/2019,177.043
USD,8/15/2019,176.9031
USD,8/13/2019,176.8472
USD,8/9/2019,177.3123
USD,8/8/2019,177.5744
USD,8/7/2019,177.2986
USD,8/6/2019,176.8192
USD,8/5/2019,176.5943
USD,8/2/2019,176.4103
USD,8/1/2019,176.3463
USD,7/31/2019,176.242
USD,7/30/2019,176.186
USD,7/29/2019,176.1722
USD,7/26/2019,176.1621
USD,7/25/2019,176.1681
USD,7/24/2019,176.0787
USD,7/23/2019,175.8648
USD,7/22/2019,175.8185
USD,7/19/2019,175.6818
USD,7/18/2019,175.6897
USD,7/17/2019,175.6066
USD,7/15/2019,175.5101
USD,7/12/2019,175.4623
USD,7/11/2019,175.5204
USD,7/10/2019,175.9131
USD,7/9/2019,176.1689
USD,7/8/2019,176.1646
USD,7/5/2019,176.0788
USD,7/4/2019,176.0964
USD,7/3/2019,176.3445
USD,7/2/2019,176.3296
USD,7/1/2019,176.5246
USD,6/28/2019,176.5424
USD,6/27/2019,176.5776
USD,6/26/2019,176.4128
USD,6/25/2019,176.6818
USD,6/24/2019,176.7773
USD,6/21/2019,176.6842
USD,6/20/2019,176.765
USD,6/19/2019,176.8237
USD,6/18/2019,176.8799
USD,6/17/2019,176.7413
USD,6/14/2019,176.6075
USD,6/13/2019,176.4977
USD,6/12/2019,176.4514
USD,6/11/2019,176.4789
USD,6/10/2019,176.4305
USD,6/7/2019,176.4107
USD,6/6/2019,176.4209
USD,6/4/2019,176.5159
USD,6/3/2019,176.4889
USD,5/31/2019,176.4128
USD,5/30/2019,176.2329
USD,5/29/2019,176.3195
USD,5/28/2019,176.1232
USD,5/27/2019,176.4884
USD,5/24/2019,176.6843
USD,5/23/2019,176.662
USD,5/22/2019,176.1838
USD,5/21/2019,175.8892
USD,5/17/2019,176.2791
USD,5/16/2019,176.4147
USD,5/15/2019,176.7966
USD,5/14/2019,176.5361
USD,5/13/2019,176.1648
USD,5/10/2019,175.529
USD,5/9/2019,176.103
USD,5/8/2019,177.2202
USD,5/7/2019,177.62
USD,5/6/2019,176.939
USD,5/3/2019,176.8017
USD,5/2/2019,175.9381
USD,4/30/2019,175.4635
USD,4/29/2019,175.24
USD,4/26/2019,175.0153
USD,4/25/2019,174.7458
USD,4/24/2019,174.59
USD,4/23/2019,174.7604
USD,4/22/2019,174.4335
USD,4/18/2019,174.6659
USD,4/17/2019,174.6477
USD,4/16/2019,174.6152
USD,4/12/2019,174.6648
USD,4/11/2019,174.7157
USD,4/10/2019,174.7282
USD,4/9/2019,174.7209
USD,4/8/2019,174.844
USD,4/5/2019,174.7415
USD,4/4/2019,174.6211
USD,4/3/2019,174.5033
USD,4/2/2019,174.7519
USD,4/1/2019,175.555
USD,3/29/2019,176.13
USD,3/28/2019,176.4251
USD,3/27/2019,177.8233
USD,3/26/2019,178.156
USD,3/25/2019,178.0969
USD,3/22/2019,178.1267
USD,3/21/2019,178.4624
USD,3/19/2019,178.408
USD,3/18/2019,178.7486
USD,3/15/2019,178.88
USD,3/14/2019,178.9307
USD,3/13/2019,178.7689
USD,3/12/2019,178.5096
USD,3/11/2019,178.3794
USD,3/8/2019,178.4507
USD,3/7/2019,178.5012
USD,3/6/2019,179.5852
USD,3/5/2019,179.6806
USD,3/1/2019,180.1021
USD,2/28/2019,179.7994
USD,2/27/2019,179.8414
USD,2/26/2019,179.7118
USD,2/25/2019,179.482
USD,2/22/2019,179.5583
USD,2/21/2019,179.6042
USD,2/20/2019,179.6789
USD,2/18/2019,178.7021
USD,2/15/2019,178.6319
USD,2/14/2019,178.5202
USD,2/13/2019,178.2212
USD,2/12/2019,177.7812
USD,2/11/2019,177.9469
USD,2/8/2019,177.5755
USD,2/7/2019,178.0456
USD,2/6/2019,177.824
USD,2/5/2019,177.5497
USD,2/1/2019,178.7208
USD,1/31/2019,179.8821
USD,1/30/2019,181.5259
USD,1/29/2019,181.6271
USD,1/28/2019,181.6262
USD,1/25/2019,181.8987
USD,1/24/2019,182.263
USD,1/23/2019,181.85
USD,1/22/2019,181.7506
USD,1/21/2019,181.7405
USD,1/18/2019,182.3121
USD,1/17/2019,182.385
USD,1/16/2019,182.2205
USD,1/14/2019,181.8156
USD,1/11/2019,182.292
USD,1/10/2019,182.6258
USD,1/9/2019,182.4676
USD,1/8/2019,182.5069
USD,1/7/2019,182.8278
USD,1/4/2019,182.8783
USD,1/3/2019,182.8568
USD,1/2/2019,182.5464
USD,1/1/2019,182.9113
USD,12/31/2018,182.7499
USD,12/28/2018,182.2783
USD,12/27/2018,181.7208
USD,12/26/2018,181.472
USD,12/24/2018,181.2244
USD,12/21/2018,180.7979
USD,12/20/2018,180.4
USD,12/19/2018,180.0312
USD,12/18/2018,179.8466
USD,12/17/2018,179.8685
USD,12/14/2018,179.6566
USD,12/13/2018,179.4668
USD,12/12/2018,179.1527
USD,12/11/2018,178.8981
USD,12/10/2018,178.8155
USD,12/7/2018,179.1104
USD,12/6/2018,179.1033
USD,12/5/2018,178.9267
USD,12/4/2018,178.8232
USD,12/3/2018,179.6165
USD,11/30/2018,179.6722
USD,11/29/2018,180.0474
USD,11/28/2018,180.3916
USD,11/27/2018,180.1114
USD,11/26/2018,179.4631
USD,11/23/2018,178.3986
USD,11/21/2018,177.1682
USD,11/19/2018,176.5966
USD,11/16/2018,176.4816
USD,11/15/2018,176.2254
USD,11/14/2018,176.0527
USD,11/13/2018,175.5942
USD,11/12/2018,175.2614
USD,11/9/2018,175.1377
USD,11/8/2018,174.8183
USD,11/7/2018,174.5314
USD,11/5/2018,174.342
USD,11/2/2018,174.4937
USD,11/1/2018,175.3557
USD,10/31/2018,174.3762
USD,10/30/2018,173.9718
USD,10/29/2018,172.9639
USD,10/26/2018,172.8276
USD,10/25/2018,172.7322
USD,10/23/2018,172.1625
USD,10/22/2018,171.6692
USD,10/19/2018,171.2367
USD,10/18/2018,170.9331
USD,10/17/2018,170.9227
USD,10/16/2018,170.3548
USD,10/15/2018,170.9078
USD,10/12/2018,171.3456
USD,10/11/2018,171.3034
USD,10/10/2018,170.9457
USD,10/9/2018,170.6859
USD,10/8/2018,170.2896
USD,10/5/2018,170.0072
USD,10/4/2018,169.5961
USD,10/3/2018,169.2425
USD,10/2/2018,169.1966
USD,10/1/2018,169.2762
USD,9/28/2018,169.2383
USD,9/27/2018,168.8687
USD,9/26/2018,168.803
USD,9/25/2018,168.642
USD,9/21/2018,168.0316
USD,9/20/2018,166.4663
USD,9/19/2018,165.6326
USD,9/18/2018,164.4062
USD,9/17/2018,163.1284
USD,9/14/2018,162.805
USD,9/13/2018,162.5011
USD,9/12/2018,162.2853
USD,9/11/2018,162.3613
USD,9/10/2018,161.7706
USD,9/7/2018,161.9807
USD,9/6/2018,162.0424
USD,9/5/2018,161.8671
USD,9/4/2018,161.5684
USD,9/3/2018,161.4909
USD,8/31/2018,161.473
USD,8/30/2018,161.3587
USD,8/29/2018,161.2647
USD,8/28/2018,161.0916
USD,8/27/2018,160.8731
USD,8/24/2018,160.8
USD,8/23/2018,160.6166
USD,8/21/2018,160.596
USD,8/20/2018,160.466
USD,8/17/2018,160.4394
USD,8/16/2018,160.1768
USD,8/15/2018,160.1096
USD,8/14/2018,160.0946
USD,8/13/2018,160.0429
USD,8/10/2018,160.0374
USD,8/9/2018,159.8744
USD,8/8/2018,159.8027
USD,8/7/2018,159.859
USD,8/6/2018,159.8111
USD,8/3/2018,159.6628
USD,8/2/2018,159.5855
USD,8/1/2018,159.7491
USD,7/31/2018,159.7087
USD,7/30/2018,159.612
USD,7/26/2018,159.5434
USD,7/25/2018,159.4795
USD,7/24/2018,159.5204
USD,7/23/2018,160.0312
USD,7/20/2018,159.9869
USD,7/19/2018,160.01
USD,7/18/2018,159.8951
USD,7/17/2018,159.82
USD,7/16/2018,159.4635
USD,7/13/2018,159.3721
USD,7/12/2018,159.3652
USD,7/11/2018,159.3281
USD,7/10/2018,159.2333
USD,7/9/2018,159.0784
USD,7/6/2018,158.8105
USD,7/5/2018,158.5859
USD,7/4/2018,158.4355
USD,7/3/2018,158.4435
USD,7/2/2018,158.3634
USD,6/29/2018,158.2569
USD,6/28/2018,158.6676
USD,6/26/2018,158.6426
USD,6/25/2018,158.9913
USD,6/22/2018,159.6106
USD,6/21/2018,160.0279
USD,6/20/2018,159.8939
USD,6/19/2018,159.8239
USD,6/18/2018,159.8809
USD,6/14/2018,159.6003
USD,6/13/2018,159.6587
USD,6/12/2018,159.1135
USD,6/11/2018,158.9143
USD,6/8/2018,158.8323
USD,6/7/2018,158.636
USD,6/6/2018,158.5708
USD,6/5/2018,158.5126
USD,6/4/2018,158.5905
USD,6/1/2018,158.1255
USD,5/31/2018,158.09
USD,5/30/2018,157.9986
USD,5/28/2018,158.0433
USD,5/25/2018,158.0561
USD,5/24/2018,157.9682
USD,5/23/2018,157.8943
USD,5/22/2018,157.8376
USD,5/21/2018,157.8118
USD,5/18/2018,158.0664
USD,5/17/2018,158.5077
USD,5/16/2018,158.0362
USD,5/15/2018,157.9215
USD,5/14/2018,157.8822
USD,5/11/2018,157.8791
USD,5/10/2018,157.7914
USD,5/9/2018,157.5276
USD,5/8/2018,157.7261
USD,5/4/2018,157.8326
USD,5/3/2018,157.7781
USD,5/2/2018,157.7642
USD,5/1/2018,157.4737
USD,4/27/2018,157.6459
USD,4/26/2018,157.4628
USD,4/25/2018,157.1356
USD,4/24/2018,156.7727
USD,4/23/2018,156.3441
USD,4/20/2018,156.2545
USD,4/19/2018,156.422
USD,4/18/2018,156.3307
USD,4/17/2018,155.9267
USD,4/16/2018,155.7456
USD,4/12/2018,155.7097
USD,4/11/2018,155.5679
USD,4/10/2018,155.5146
USD,4/9/2018,155.5327
USD,4/6/2018,155.5234
USD,4/5/2018,156.0464
USD,4/4/2018,155.4869
USD,4/3/2018,155.3218
USD,4/2/2018,155.8286
USD,3/29/2018,155.9725
USD,3/28/2018,156.0632
USD,3/27/2018,156.1261
USD,3/26/2018,156.1428
USD,3/23/2018,156.0539
USD,3/22/2018,155.9482
USD,3/21/2018,156.1578
USD,3/20/2018,156.1535
USD,3/19/2018,156.0808
USD,3/16/2018,155.9768
USD,3/15/2018,155.8155
USD,3/14/2018,155.7566
USD,3/13/2018,155.6067
USD,3/12/2018,155.478
USD,3/9/2018,155.5392
USD,3/8/2018,155.2665
USD,3/7/2018,155.0849
USD,3/6/2018,155.1488
USD,3/5/2018,155.2269
USD,3/2/2018,154.978
USD,2/28/2018,154.8718
USD,2/27/2018,155.0075
USD,2/26/2018,155.2474
USD,2/23/2018,155.2255
USD,2/22/2018,155.3944
USD,2/21/2018,155.3787
USD,2/20/2018,155.2901
USD,2/19/2018,155.0773
USD,2/16/2018,155.3239
USD,2/15/2018,155.5955
USD,2/14/2018,154.7384
USD,2/12/2018,154.3075
USD,2/9/2018,154.4876
USD,2/8/2018,154.5862
USD,2/7/2018,154.5527
USD,2/6/2018,154.2579
USD,2/2/2018,154.1543
USD,2/1/2018,153.9449
USD,1/30/2018,153.7682
USD,1/29/2018,153.7329
USD,1/26/2018,153.7388
USD,1/25/2018,153.9389
USD,1/24/2018,154.0688
USD,1/23/2018,154.0135
USD,1/22/2018,153.9447
USD,1/19/2018,153.8803
USD,1/18/2018,153.8569
USD,1/17/2018,153.9215
USD,1/16/2018,153.91
USD,1/12/2018,153.781
USD,1/11/2018,153.7661
USD,1/10/2018,153.8203
USD,1/9/2018,153.8052
USD,1/8/2018,153.5567
USD,1/5/2018,153.6506
USD,1/4/2018,153.7699
USD,1/3/2018,153.6377
USD,1/2/2018,153.4697
USD,12/29/2017,152.8548
USD,12/28/2017,152.6243
USD,12/27/2017,152.7775
USD,12/26/2017,152.942
USD,12/22/2017,152.9524
USD,12/21/2017,153.0594
USD,12/20/2017,153.1487
USD,12/19/2017,153.1593
USD,12/18/2017,153.2297
USD,12/15/2017,153.3441
USD,12/14/2017,153.1463
USD,12/13/2017,153.0136
USD,12/12/2017,153.0573
USD,12/11/2017,153.17
USD,12/8/2017,153.3593
USD,12/7/2017,153.3314
USD,12/6/2017,153.3869
USD,12/5/2017,153.6153
USD,12/4/2017,153.6882
USD,11/30/2017,153.7652
USD,11/29/2017,153.7396
USD,11/28/2017,153.6152
USD,11/27/2017,153.7513
USD,11/24/2017,153.6767
USD,11/23/2017,153.776
USD,11/22/2017,153.8167
USD,11/21/2017,153.7552
USD,11/20/2017,153.6468
USD,11/17/2017,153.792
USD,11/16/2017,153.7806
USD,11/15/2017,153.6061
USD,11/14/2017,153.6184
USD,11/13/2017,153.6339
USD,11/10/2017,153.5123
USD,11/9/2017,153.3588
USD,11/8/2017,153.4353
USD,11/7/2017,153.6279
USD,11/6/2017,153.6598
USD,11/2/2017,153.698
USD,11/1/2017,153.5915
USD,10/31/2017,153.5903
USD,10/30/2017,153.5628
USD,10/27/2017,153.8
USD,10/26/2017,153.8586
USD,10/25/2017,153.7845
USD,10/24/2017,153.7473
USD,10/23/2017,153.6467
USD,10/20/2017,153.6976
USD,10/19/2017,153.619
USD,10/17/2017,153.6527
USD,10/16/2017,153.7464
USD,10/13/2017,153.6258
USD,10/12/2017,153.465
USD,10/11/2017,153.3903
USD,10/10/2017,153.2885
USD,10/9/2017,153.2603
USD,10/6/2017,153.3286
USD,10/4/2017,153.2121
USD,10/3/2017,153.1394
USD,10/2/2017,153.1072
USD,9/29/2017,153.0983
USD,9/28/2017,153.1024
USD,9/27/2017,153.0245
USD,9/26/2017,152.9434
USD,9/25/2017,152.8067
USD,9/22/2017,152.8252
USD,9/21/2017,153.0503
USD,9/20/2017,153.1959
USD,9/19/2017,152.9692
USD,9/18/2017,152.9684
USD,9/15/2017,153.1269
USD,9/14/2017,152.9124
USD,9/13/2017,152.8371
USD,9/12/2017,152.849
USD,9/11/2017,152.8017
USD,9/8/2017,152.7098
USD,9/7/2017,152.5607
USD,9/6/2017,152.5028
USD,9/4/2017,152.7656
USD,8/31/2017,152.835
USD,8/30/2017,152.7582
USD,8/29/2017,152.9208
USD,8/28/2017,152.9633
USD,8/25/2017,152.944
USD,8/24/2017,152.9127
USD,8/23/2017,153.15
USD,8/22/2017,153.3
USD,8/21/2017,153.3472
USD,8/18/2017,153.315
USD,8/17/2017,153.2016
USD,8/16/2017,153.208
USD,8/15/2017,153.12
USD,8/14/2017,153.0729
USD,8/11/2017,153.1871
USD,8/10/2017,153.2262
USD,8/9/2017,153.326
USD,8/8/2017,153.3579
USD,8/4/2017,153.4948
USD,8/3/2017,153.4864
USD,8/2/2017,153.5068
USD,8/1/2017,153.6111
USD,7/31/2017,153.7278
USD,7/28/2017,153.7357
USD,7/27/2017,153.5738
USD,7/26/2017,153.5212
USD,7/25/2017,153.581
USD,7/24/2017,153.7052
USD,7/21/2017,153.6808
USD,7/20/2017,153.751
USD,7/19/2017,153.7072
USD,7/18/2017,153.7026
USD,7/17/2017,153.7303
USD,7/14/2017,153.7125
USD,7/13/2017,153.7047
USD,7/12/2017,153.6652
USD,7/11/2017,153.7217
USD,7/10/2017,153.6625
USD,7/7/2017,153.7096
USD,7/6/2017,153.7243
USD,7/5/2017,153.6163
USD,7/4/2017,153.5427
USD,7/3/2017,153.51
USD,6/30/2017,153.51
USD,6/29/2017,153.313
USD,6/28/2017,153.2668
USD,6/27/2017,153.2334
USD,6/23/2017,153.3453
USD,6/22/2017,153.3313
USD,6/21/2017,153.2658
USD,6/20/2017,153.0236
USD,6/19/2017,152.85
USD,6/16/2017,152.5
USD,6/15/2017,152.5
USD,6/14/2017,152.5
USD,6/13/2017,152.5
USD,6/12/2017,152.5
USD,6/9/2017,152.5
USD,6/7/2017,152.4786
USD,6/6/2017,152.4966
USD,6/5/2017,152.5
USD,6/2/2017,152.5
USD,6/1/2017,152.5
USD,5/31/2017,152.5
USD,5/30/2017,152.5
USD,5/29/2017,152.5
USD,5/26/2017,152.5
USD,5/25/2017,152.5
USD,5/24/2017,152.5
USD,5/23/2017,152.5
USD,5/22/2017,152.5
USD,5/19/2017,152.5
USD,5/18/2017,152.3295
USD,5/17/2017,152.3667
USD,5/16/2017,152.3
USD,5/15/2017,152.3769
USD,5/12/2017,152.3
USD,5/9/2017,152.3154
USD,5/8/2017,152.3154
USD,5/5/2017,152.0455
USD,5/4/2017,152.0391
USD,5/3/2017,151.9
USD,5/2/2017,151.9
USD,4/28/2017,151.9
USD,4/27/2017,151.9
USD,4/26/2017,151.9
USD,4/25/2017,151.8985
USD,4/24/2017,151.9
USD,4/21/2017,151.9
USD,4/20/2017,151.9
USD,4/19/2017,151.9
USD,4/18/2017,151.9
USD,4/17/2017,151.6
USD,4/12/2017,151.6133
USD,4/11/2017,151.6
USD,4/7/2017,151.6
USD,4/6/2017,151.6
USD,4/5/2017,151.6
USD,4/4/2017,151.6
USD,4/3/2017,151.6
USD,3/31/2017,151.7354
USD,3/30/2017,151.7
USD,3/29/2017,151.6943
USD,3/28/2017,151.6943
USD,3/27/2017,151.6
USD,3/24/2017,151.6
USD,3/23/2017,151.6
USD,3/22/2017,151.6083
USD,3/21/2017,151.3939
USD,3/20/2017,151.3138
USD,3/17/2017,151.308
USD,3/16/2017,151.3469
USD,3/15/2017,151.35
USD,3/14/2017,151.3494
USD,3/13/2017,151.35
USD,3/10/2017,151.35
USD,3/9/2017,151.35
USD,3/8/2017,151.2534
USD,3/7/2017,151.2371
USD,3/6/2017,151.25
USD,3/3/2017,151.25
USD,3/2/2017,151.2476
USD,3/1/2017,151.25
USD,2/28/2017,151.25
USD,2/27/2017,151.25
USD,2/23/2017,151.235
USD,2/22/2017,151.2426
USD,2/21/2017,151.1245
USD,2/20/2017,150.8214
USD,2/17/2017,150.7482
USD,2/16/2017,150.7416
USD,2/15/2017,150.7456
USD,2/14/2017,150.7306
USD,2/13/2017,150.7474
USD,2/9/2017,150.75
USD,2/8/2017,150.75
USD,2/7/2017,150.75
USD,2/6/2017,150.5
USD,2/3/2017,150.5
USD,2/2/2017,150.5
USD,2/1/2017,150.3246
USD,1/31/2017,150.2429
USD,1/30/2017,150.25
USD,1/27/2017,150.25
USD,1/26/2017,150.2494
USD,1/25/2017,150.15
USD,1/24/2017,150.1478
USD,1/23/2017,150.15
USD,1/20/2017,150.1424
USD,1/19/2017,150.15
USD,1/18/2017,150.1363
USD,1/17/2017,150.1222
USD,1/16/2017,150.0402
USD,1/13/2017,150
USD,1/11/2017,149.9828
USD,1/10/2017,150
USD,1/9/2017,149.9983
USD,1/6/2017,150
USD,1/5/2017,149.9992
USD,1/4/2017,150
USD,1/3/2017,150
USD,1/2/2017,149.9747
USD,12/30/2016,149.8
USD,12/29/2016,149.7975
USD,12/28/2016,149.5
USD,12/27/2016,149.4231
USD,12/23/2016,149.295
USD,12/22/2016,149.295
USD,12/21/2016,149.0425
USD,12/20/2016,149.08
USD,12/19/2016,149.0933
USD,12/16/2016,149.095
USD,12/15/2016,148.6874
USD,12/14/2016,148.6874
USD,12/9/2016,148.6929
USD,12/8/2016,148.6548
USD,12/7/2016,148.3
USD,12/6/2016,148.3
USD,12/5/2016,148.1
USD,12/2/2016,147.964
USD,12/1/2016,147.95
USD,11/30/2016,147.95
USD,11/29/2016,147.95
USD,11/28/2016,147.95
USD,11/25/2016,147.9481
USD,11/24/2016,147.9481
USD,11/23/2016,147.95
USD,11/22/2016,147.95
USD,11/21/2016,147.95
USD,11/18/2016,147.747
USD,11/17/2016,147.746
USD,11/16/2016,147.7475
USD,11/15/2016,147.75
USD,11/11/2016,147.75
USD,11/10/2016,147.7471
USD,11/9/2016,147.7471
USD,11/8/2016,147.7085
USD,11/7/2016,147.7283
USD,11/4/2016,147.73
USD,11/3/2016,147.4
USD,11/2/2016,147.3963
USD,11/1/2016,147.3963
USD,10/31/2016,147.1136
USD,10/28/2016,146.9667
USD,10/27/2016,146.9
USD,10/26/2016,146.9
USD,10/25/2016,146.9
USD,10/24/2016,146.9
USD,10/21/2016,146.9
USD,10/20/2016,146.9
USD,10/19/2016,146.9
USD,10/18/2016,146.8778
USD,10/17/2016,146.8976
USD,10/14/2016,146.9
USD,10/13/2016,146.9
USD,10/12/2016,146.9
USD,10/11/2016,146.85
USD,10/10/2016,146.8469
USD,10/7/2016,146.7414
USD,10/6/2016,146.753
USD,10/5/2016,146.6698
USD,10/4/2016,146.7257
USD,10/3/2016,146.8753
USD,9/30/2016,146.7229
USD,9/29/2016,146.4824
USD,9/28/2016,146.3385
USD,9/27/2016,146.3273
USD,9/26/2016,146.2704
USD,9/23/2016,145.9
USD,9/22/2016,146.022
USD,9/21/2016,145.7706
USD,9/20/2016,145.75
USD,9/19/2016,145.8126
USD,9/15/2016,145.5983
USD,9/14/2016,145.2978
USD,9/13/2016,145.1558
USD,9/9/2016,145.4214
USD,9/8/2016,145.4333
USD,9/7/2016,145.4175
USD,9/6/2016,145.4175
USD,9/5/2016,145.4911
USD,9/2/2016,145.5118
USD,9/1/2016,145.5564
USD,8/31/2016,145.62
USD,8/30/2016,145.6286
USD,8/29/2016,145.6
USD,8/26/2016,145.8525
USD,8/25/2016,145.5111
USD,8/24/2016,145.5
USD,8/23/2016,145.5
USD,8/22/2016,145.5
USD,8/19/2016,145.5
USD,8/18/2016,145.5
USD,8/16/2016,145.5
USD,8/15/2016,145.5
USD,8/12/2016,145.5
USD,8/11/2016,145.6
USD,8/10/2016,145.6
USD,8/9/2016,145.6
USD,8/8/2016,145.6
USD,8/5/2016,145.6167
USD,8/4/2016,145.7471
USD,8/3/2016,145.745
USD,8/2/2016,145.75
USD,8/1/2016,145.75
USD,7/29/2016,145.7466
USD,7/28/2016,145.7466
USD,7/27/2016,145.75
USD,7/26/2016,145.75
USD,7/25/2016,145.75
USD,7/22/2016,145.75
USD,7/21/2016,145.25
USD,7/20/2016,145.25
USD,7/18/2016,145.25
USD,7/15/2016,145.25
USD,7/14/2016,145.25
USD,7/13/2016,145.2477
USD,7/12/2016,145.25
USD,7/11/2016,145.25
USD,7/8/2016,145.25
USD,7/7/2016,145.246
USD,7/5/2016,145.246
USD,7/4/2016,145.25
USD,7/1/2016,145.25
USD,6/30/2016,145.25
USD,6/29/2016,145.25
USD,6/28/2016,145.25
USD,6/27/2016,145.25
USD,6/24/2016,145.25
USD,6/23/2016,145.25
USD,6/22/2016,145.1935
USD,6/21/2016,144.5385
USD,6/20/2016,144.5
USD,6/17/2016,144.5893
USD,6/16/2016,144.75
USD,6/15/2016,144.725
USD,6/14/2016,144.7474
USD,6/13/2016,145.0131
USD,6/10/2016,145.548
USD,6/9/2016,145.7458
USD,6/8/2016,145.75
USD,6/7/2016,145.9
USD,6/6/2016,145.925
USD,6/3/2016,145.95
USD,6/2/2016,145.908
USD,6/1/2016,145.955
USD,5/31/2016,145.75
USD,5/30/2016,145.75
USD,5/27/2016,145.75
USD,5/26/2016,145.75
USD,5/25/2016,145.75
USD,5/24/2016,145.75
USD,5/20/2016,145.75
USD,5/19/2016,145.75
USD,5/18/2016,145.725
USD,5/17/2016,145.74
USD,5/16/2016,145.74
USD,5/13/2016,145.75
USD,5/12/2016,145.75
USD,5/11/2016,145.7327
USD,5/10/2016,145.715
USD,5/9/2016,145.7617
USD,5/6/2016,145.73
USD,5/5/2016,145.73
USD,5/4/2016,145.73
USD,5/3/2016,143.9
USD,4/29/2016,143.9
USD,4/28/2016,143.9
USD,4/27/2016,143.9
USD,4/26/2016,143.9
USD,4/25/2016,143.9024
USD,4/22/2016,143.9
USD,4/20/2016,143.9
USD,4/19/2016,143.9
USD,4/18/2016,143.9
USD,4/15/2016,143.9
USD,4/12/2016,143.9
USD,4/11/2016,143.9
USD,4/8/2016,143.9
USD,4/7/2016,143.9
USD,4/6/2016,143.9
USD,4/5/2016,143.9
USD,4/4/2016,143.9
USD,4/1/2016,143.9
USD,3/31/2016,143.9
USD,3/30/2016,143.89
USD,3/29/2016,143.9
USD,3/28/2016,143.895
USD,3/24/2016,143.9035
USD,3/23/2016,143.93
USD,3/21/2016,143.9
USD,3/18/2016,143.9
USD,3/17/2016,143.9
USD,3/16/2016,143.898
USD,3/15/2016,143.9
USD,3/14/2016,143.9
USD,3/11/2016,144.3571
USD,3/10/2016,144.0067
USD,3/9/2016,143.9089
USD,3/8/2016,143.9
USD,3/4/2016,144.1154
USD,3/3/2016,144.2556
USD,3/2/2016,143.9108
USD,3/1/2016,143.9165
USD,2/29/2016,144.354
USD,2/26/2016,143.9
USD,2/25/2016,143.883
USD,2/24/2016,143.8943
USD,2/23/2016,143.9192
USD,2/19/2016,143.93
USD,2/18/2016,143.9
USD,2/17/2016,143.9004
USD,2/16/2016,143.9207
USD,2/15/2016,143.8989
USD,2/12/2016,143.897
USD,2/11/2016,143.9
USD,2/10/2016,143.9
USD,2/9/2016,143.9091
USD,2/8/2016,143.9046
USD,2/5/2016,143.9296
USD,2/3/2016,143.9
USD,2/2/2016,143.9071
USD,2/1/2016,143.9
USD,1/29/2016,143.9208
USD,1/28/2016,143.8972
USD,1/27/2016,143.89
USD,1/26/2016,143.9089
USD,1/25/2016,143.9
USD,1/22/2016,143.9
USD,1/21/2016,143.8858
USD,1/20/2016,143.9169
USD,1/19/2016,143.9308
USD,1/18/2016,143.8161
USD,1/14/2016,143.8047
USD,1/13/2016,143.745
USD,1/12/2016,143.7993
USD,1/11/2016,143.8175
USD,1/8/2016,143.9415
USD,1/7/2016,144.0106
USD,1/6/2016,144.2318
USD,1/5/2016,144.1833
USD,1/4/2016,144.2333
USD,1/1/2016,144.0716
USD,12/31/2015,144.0623
USD,12/30/2015,143.8484
USD,12/29/2015,143.6861
USD,12/28/2015,143.6286
USD,12/23/2015,143.5859
USD,12/22/2015,143.5415
USD,12/21/2015,143.5406
USD,12/18/2015,143.5606
USD,12/17/2015,143.5647
USD,12/16/2015,143.4583
USD,12/15/2015,143.4938
USD,12/14/2015,143.276
USD,12/11/2015,143.2196
USD,12/10/2015,143.178
USD,12/9/2015,143.2214
USD,12/8/2015,143.2426
USD,12/7/2015,143.2529
USD,12/4/2015,143.2498
USD,12/3/2015,143.2318
USD,12/2/2015,143.2327
USD,12/1/2015,143.239
USD,11/30/2015,143.2074
USD,11/27/2015,143.0667
USD,11/26/2015,142.8892
USD,11/24/2015,142.6267
USD,11/23/2015,142.4662
USD,11/20/2015,142.3063
USD,11/19/2015,142.2797
USD,11/18/2015,142.2944
USD,11/17/2015,142.1384
USD,11/16/2015,142.0599
USD,11/13/2015,141.9633
USD,11/12/2015,141.929
USD,11/11/2015,141.901
USD,11/9/2015,141.5214
USD,11/6/2015,141.562
USD,11/5/2015,141.2663
USD,11/4/2015,141.0487
USD,11/3/2015,140.9771
USD,11/2/2015,140.9668
USD,10/30/2015,140.8543
USD,10/29/2015,140.8772
USD,10/28/2015,141.1087
USD,10/26/2015,141.0489
USD,10/23/2015,141.0638
USD,10/22/2015,141.0126
USD,10/21/2015,140.9901
USD,10/20/2015,140.9672
USD,10/19/2015,140.9554
USD,10/16/2015,140.9312
USD,10/15/2015,140.6841
USD,10/14/2015,140.4809
USD,10/13/2015,140.3209
USD,10/12/2015,140.338
USD,10/9/2015,140.5457
USD,10/8/2015,140.5995
USD,10/7/2015,141.0307
USD,10/6/2015,141.2243
USD,10/5/2015,141.2601
USD,10/2/2015,141.2575
USD,10/1/2015,141.2334
USD,9/30/2015,141.2335
USD,9/29/2015,141.2438
USD,9/28/2015,140.9568
USD,9/25/2015,140.9578
USD,9/23/2015,140.951
USD,9/22/2015,140.8342
USD,9/21/2015,140.5167
USD,9/18/2015,140.7891
USD,9/17/2015,140.6358
USD,9/16/2015,139.9898
USD,9/15/2015,139.7679
USD,9/14/2015,139.0345
USD,9/11/2015,138.936
USD,9/10/2015,138.7796
USD,9/9/2015,138.1655
USD,9/8/2015,137.4985
USD,9/7/2015,137.875
USD,9/4/2015,134.75
USD,9/3/2015,134.5
USD,9/2/2015,134.5
USD,9/1/2015,134.5
USD,8/31/2015,134.3
USD,8/28/2015,134.15
USD,8/27/2015,134.15
USD,8/26/2015,134.2496
USD,8/25/2015,134.1
USD,8/24/2015,134
USD,8/21/2015,133.9
USD,8/20/2015,133.8967
USD,8/19/2015,134
USD,8/18/2015,134
USD,8/17/2015,133.9
USD,8/14/2015,133.9
USD,8/13/2015,133.8
USD,8/12/2015,133.75
USD,8/11/2015,133.75
USD,8/10/2015,133.75
USD,8/7/2015,133.75
USD,8/6/2015,133.4927
USD,8/5/2015,133.4993
USD,8/4/2015,133.5
USD,8/3/2015,133.6
USD,7/30/2015,133.6
USD,7/29/2015,133.6
USD,7/28/2015,133.7
USD,7/27/2015,133.6976
USD,7/24/2015,133.6971
USD,7/23/2015,133.6988
USD,7/22/2015,133.7
USD,7/21/2015,133.8
USD,7/20/2015,133.7994
USD,7/17/2015,133.8
USD,7/16/2015,133.7992
USD,7/15/2015,133.8
USD,7/14/2015,133.8
USD,7/13/2015,133.6
USD,7/10/2015,133.6
USD,7/9/2015,133.6
USD,7/8/2015,133.6
USD,7/7/2015,133.6
USD,7/6/2015,133.6
USD,7/3/2015,133.6
USD,7/2/2015,133.7
USD,6/30/2015,133.7
USD,6/29/2015,133.7
USD,6/26/2015,133.7126
USD,6/25/2015,133.8
USD,6/24/2015,133.9
USD,6/23/2015,133.9
USD,6/22/2015,134.1
USD,6/19/2015,134.2
USD,6/18/2015,133.9986
USD,6/17/2015,133.9995
USD,6/16/2015,133.9987
USD,6/15/2015,134
USD,6/12/2015,133.7973
USD,6/11/2015,133.7985
USD,6/10/2015,133.8
USD,6/9/2015,133.8979
USD,6/8/2015,133.8966
USD,6/5/2015,133.9
USD,6/4/2015,133.9
USD,6/3/2015,133.9
USD,6/1/2015,133.9
USD,5/29/2015,133.9
USD,5/28/2015,133.9
USD,5/27/2015,133.9
USD,5/26/2015,133.7
USD,5/25/2015,133.7
USD,5/22/2015,133.7
USD,5/21/2015,133.7
USD,5/20/2015,133.4994
USD,5/19/2015,133.3
USD,5/18/2015,133.3125
USD,5/15/2015,133.4
USD,5/14/2015,133.4
USD,5/13/2015,133.5
USD,5/12/2015,133.4412
USD,5/11/2015,133.3
USD,5/8/2015,133.3
USD,5/7/2015,133.3
USD,5/6/2015,133.1
USD,5/5/2015,133.0714
USD,4/30/2015,132.9
USD,4/29/2015,132.9
USD,4/28/2015,132.897
USD,4/27/2015,132.9
USD,4/24/2015,132.8994
USD,4/23/2015,132.8983
USD,4/22/2015,132.8981
USD,4/21/2015,132.8964
USD,4/20/2015,132.9
USD,4/17/2015,132.9
USD,4/16/2015,132.9
USD,4/15/2015,132.8983
USD,4/10/2015,132.9
USD,4/9/2015,132.9
USD,4/8/2015,132.9
USD,4/7/2015,132.9
USD,4/6/2015,132.8984
USD,4/2/2015,132.9
USD,4/1/2015,132.9
USD,3/31/2015,132.9
USD,3/30/2015,132.8794
USD,3/27/2015,132.9
USD,3/26/2015,132.9
USD,3/25/2015,132.9
USD,3/24/2015,132.9
USD,3/23/2015,132.9
USD,3/20/2015,132.9
USD,3/19/2015,132.9
USD,3/18/2015,132.9
USD,3/17/2015,132.9
USD,3/16/2015,132.9
USD,3/13/2015,132.9
USD,3/12/2015,132.9
USD,3/11/2015,132.9
USD,3/10/2015,132.9
USD,3/9/2015,132.9
USD,3/6/2015,132.9
USD,3/4/2015,132.8986
USD,3/3/2015,132.9
USD,3/2/2015,132.9
USD,2/27/2015,132.9
USD,2/26/2015,132.9
USD,2/25/2015,132.8991
USD,2/24/2015,132.9
USD,2/23/2015,132.9
USD,2/20/2015,132.9
USD,2/19/2015,132.8
USD,2/18/2015,132.8
USD,2/16/2015,132.8
USD,2/13/2015,132.8
USD,2/12/2015,132.8
USD,2/11/2015,132.7987
USD,2/10/2015,132.8
USD,2/9/2015,132.8
USD,2/6/2015,132.2
USD,2/5/2015,132.2
USD,2/2/2015,132.2
USD,1/30/2015,132.2
USD,1/29/2015,132.194
USD,1/28/2015,132.0975
USD,1/27/2015,132.0817
USD,1/26/2015,132
USD,1/23/2015,131.85
USD,1/22/2015,131.9
USD,1/21/2015,131.7433
USD,1/20/2015,131.7054
USD,1/19/2015,131.5
USD,1/16/2015,131.0889
USD,1/13/2015,131.22
USD,1/12/2015,131.245
USD,1/9/2015,131.25
USD,1/8/2015,131.25
USD,1/7/2015,131.015
USD,1/6/2015,131.02
USD,1/2/2015,131.0125
USD,1/1/2015,131.091
USD,12/31/2014,131.0486
USD,12/30/2014,131.0778
USD,12/29/2014,131.0689
USD,12/26/2014,131.005
USD,12/24/2014,130.9978
USD,12/23/2014,131.0004
USD,12/22/2014,131.0348
USD,12/19/2014,131.0128
USD,12/18/2014,131.0158
USD,12/17/2014,131.0434
USD,12/16/2014,130.9917
USD,12/15/2014,131
USD,12/12/2014,131.0225
USD,12/11/2014,131.0071
USD,12/10/2014,131.01
USD,12/9/2014,131
USD,12/8/2014,131.02
USD,12/5/2014,131.0182
USD,12/4/2014,131
USD,12/3/2014,131
USD,12/2/2014,131.05
USD,12/1/2014,131.05
USD,11/28/2014,131.0082
USD,11/27/2014,131.0136
USD,11/26/2014,131
USD,11/25/2014,130.9967
USD,11/24/2014,131
USD,11/21/2014,131
USD,11/20/2014,131
USD,11/19/2014,130.9902
USD,11/18/2014,130.9861
USD,11/17/2014,130.95
USD,11/14/2014,130.95
USD,11/13/2014,130.8925
USD,11/12/2014,130.9
USD,11/11/2014,130.874
USD,11/10/2014,130.8656
USD,11/7/2014,130.85
USD,11/5/2014,130.85
USD,11/4/2014,130.85
USD,11/3/2014,130.8367
USD,10/31/2014,130.8436
USD,10/30/2014,130.85
USD,10/29/2014,130.8155
USD,10/28/2014,130.83
USD,10/27/2014,130.8175
USD,10/24/2014,130.7667
USD,10/23/2014,130.75
USD,10/21/2014,130.6348
USD,10/20/2014,130.6
USD,10/17/2014,130.6
USD,10/16/2014,130.5659
USD,10/15/2014,130.55
USD,10/14/2014,130.55
USD,10/13/2014,130.3815
USD,10/10/2014,130.3461
USD,10/9/2014,130.3127
USD,10/7/2014,130.3529
USD,10/3/2014,130.4946
USD,10/2/2014,130.4982
USD,10/1/2014,130.43
USD,9/30/2014,130.3707
USD,9/29/2014,130.35
USD,9/26/2014,130.3071
USD,9/25/2014,130.3067
USD,9/24/2014,130.2855
USD,9/23/2014,130.2712
USD,9/22/2014,130.28
USD,9/19/2014,130.275
USD,9/18/2014,130.2813
USD,9/17/2014,130.2759
USD,9/16/2014,130.28
USD,9/15/2014,130.28
USD,9/12/2014,130.2717
USD,9/11/2014,130.23
USD,9/10/2014,130.2027
USD,9/9/2014,130.2
USD,9/5/2014,130.1987
USD,9/4/2014,130.2037
USD,9/3/2014,130.205
USD,9/2/2014,130.1913
USD,9/1/2014,130.2045
USD,8/29/2014,130.1962
USD,8/28/2014,130.188
USD,8/27/2014,130.184
USD,8/26/2014,130.1934
USD,8/25/2014,130.1763
USD,8/22/2014,130.2014
USD,8/21/2014,130.2078
USD,8/20/2014,130.13
USD,8/19/2014,130.1518
USD,8/18/2014,130.1609
USD,8/15/2014,130.1646
USD,8/14/2014,130.2306
USD,8/13/2014,130.19
USD,8/12/2014,130.16
USD,8/11/2014,130.1711
USD,8/8/2014,130.1862
USD,8/7/2014,130.1933
USD,8/6/2014,130.2104
USD,8/5/2014,130.2255
USD,8/4/2014,130.2303
USD,8/1/2014,130.2067
USD,7/31/2014,130.2102
USD,7/30/2014,130.2086
USD,7/28/2014,130.227
USD,7/25/2014,130.2297
USD,7/24/2014,130.2598
USD,7/23/2014,130.2659
USD,7/22/2014,130.287
USD,7/21/2014,130.25
USD,7/18/2014,130.2
USD,7/17/2014,130.1865
USD,7/16/2014,130.18
USD,7/15/2014,130.1974
USD,7/14/2014,130.2
USD,7/11/2014,130.2233
USD,7/10/2014,130.2207
USD,7/9/2014,130.2504
USD,7/8/2014,130.2561
USD,7/7/2014,130.2573
USD,7/4/2014,130.2691
USD,7/3/2014,130.2807
USD,7/2/2014,130.301
USD,7/1/2014,130.3256
USD,6/30/2014,130.3018
USD,6/27/2014,130.3359
USD,6/26/2014,130.3144
USD,6/25/2014,130.2904
USD,6/24/2014,130.2741
USD,6/23/2014,130.2927
USD,6/20/2014,130.2652
USD,6/19/2014,130.2381
USD,6/18/2014,130.2298
USD,6/17/2014,130.2355
USD,6/16/2014,130.2476
USD,6/13/2014,130.253
USD,6/11/2014,130.26
USD,6/10/2014,130.2603
USD,6/9/2014,130.2566
USD,6/6/2014,130.2841
USD,6/5/2014,130.3164
USD,6/4/2014,130.3518
USD,6/3/2014,130.3526
USD,6/2/2014,130.3863
USD,5/30/2014,130.4631
USD,5/29/2014,130.4359
USD,5/28/2014,130.3865
USD,5/27/2014,130.4152
USD,5/26/2014,130.3717
USD,5/23/2014,130.3525
USD,5/22/2014,130.3732
USD,5/21/2014,130.3742
USD,5/20/2014,130.3515
USD,5/19/2014,130.3561
USD,5/16/2014,130.3608
USD,5/13/2014,130.3587
USD,5/12/2014,130.4841
USD,5/9/2014,130.5403
USD,5/8/2014,130.6
USD,5/7/2014,130.6
USD,5/6/2014,130.6
USD,5/5/2014,130.5957
USD,5/2/2014,130.625
USD,4/30/2014,130.5962
USD,4/29/2014,130.5982
USD,4/28/2014,130.604
USD,4/25/2014,130.6182
USD,4/24/2014,130.6191
USD,4/23/2014,130.5973
USD,4/22/2014,130.6082
USD,4/21/2014,130.6
USD,4/17/2014,130.6113
USD,4/16/2014,130.5973
USD,4/11/2014,130.5726
USD,4/10/2014,130.5891
USD,4/9/2014,130.589
USD,4/8/2014,130.7
USD,4/7/2014,130.5624
USD,4/4/2014,130.6804
USD,4/3/2014,130.689
USD,4/2/2014,130.6895
USD,4/1/2014,130.7
USD,3/31/2014,130.6949
USD,3/28/2014,130.6917
USD,3/27/2014,130.6866
USD,3/26/2014,130.6932
USD,3/25/2014,130.6497
USD,3/24/2014,130.6484
USD,3/21/2014,130.6474
USD,3/20/2014,130.5903
USD,3/19/2014,130.5675
USD,3/18/2014,130.5836
USD,3/17/2014,130.6067
USD,3/14/2014,130.6357
USD,3/13/2014,130.567
USD,3/12/2014,130.5025
USD,3/11/2014,130.5548
USD,3/10/2014,130.5483
USD,3/7/2014,130.5646
USD,3/6/2014,130.6001
USD,3/5/2014,130.6055
USD,3/4/2014,130.6341
USD,3/3/2014,130.9191
USD,2/28/2014,131.0008
USD,2/26/2014,131.0197
USD,2/25/2014,131.0184
USD,2/24/2014,130.9393
USD,2/21/2014,130.8485
USD,2/20/2014,130.85
USD,2/19/2014,130.7998
USD,2/18/2014,130.8167
USD,2/17/2014,130.8373
USD,2/13/2014,130.8357
USD,2/12/2014,130.8003
USD,2/11/2014,130.7142
USD,2/10/2014,130.6831
USD,2/7/2014,130.6471
USD,2/6/2014,130.6522
USD,2/5/2014,130.7284
USD,2/3/2014,130.7555
USD,1/31/2014,130.6957
USD,1/30/2014,130.7339
USD,1/29/2014,130.7849
USD,1/28/2014,130.7494
USD,1/27/2014,130.6575
USD,1/24/2014,130.8216
USD,1/23/2014,130.7787
USD,1/22/2014,130.7477
USD,1/21/2014,130.7368
USD,1/20/2014,130.7202
USD,1/17/2014,130.6629
USD,1/16/2014,130.7117
USD,1/13/2014,130.7029
USD,1/10/2014,130.7314
USD,1/9/2014,130.8059
USD,1/8/2014,130.741
USD,1/7/2014,130.695
USD,1/6/2014,130.6811
USD,1/3/2014,130.7035
USD,1/2/2014,130.7051
USD,1/1/2014,130.75
USD,12/31/2013,130.753
USD,12/30/2013,130.75
USD,12/27/2013,130.7007
USD,12/26/2013,130.7089
USD,12/24/2013,130.7185
USD,12/23/2013,130.7413
USD,12/20/2013,130.7619
USD,12/19/2013,130.7705
USD,12/18/2013,130.7972
USD,12/17/2013,130.8548
USD,12/13/2013,130.85
USD,12/12/2013,130.838
USD,12/11/2013,130.8164
USD,12/10/2013,130.7863
USD,12/9/2013,130.8036
USD,12/6/2013,130.8336
USD,12/5/2013,130.8437
USD,12/4/2013,130.8791
USD,12/3/2013,131.1522
USD,12/2/2013,131.1951
USD,11/29/2013,131.2
USD,11/28/2013,131.1528
USD,11/27/2013,131.15
USD,11/26/2013,131.1107
USD,11/25/2013,131.1
USD,11/22/2013,131.1
USD,11/21/2013,131.1
USD,11/20/2013,131.1
USD,11/19/2013,131.07
USD,11/18/2013,131.1
USD,11/15/2013,131.1
USD,11/14/2013,131.0645
USD,11/13/2013,131.0833
USD,11/12/2013,131.0836
USD,11/11/2013,131.1
USD,11/8/2013,131.1
USD,11/7/2013,131.0689
USD,11/6/2013,131.1
USD,11/5/2013,131.0876
USD,11/4/2013,130.8982
USD,11/1/2013,130.8638
USD,10/31/2013,131.0065
USD,10/30/2013,131.0783
USD,10/29/2013,130.8812
USD,10/28/2013,130.4857
USD,10/25/2013,130.5886
USD,10/24/2013,130.7628
USD,10/23/2013,130.9472
USD,10/22/2013,130.9642
USD,10/21/2013,131.0545
USD,10/17/2013,130.9614
USD,10/15/2013,130.8956
USD,10/14/2013,131.036
USD,10/11/2013,131.173
USD,10/10/2013,131.1366
USD,10/9/2013,131.1787
USD,10/8/2013,131.1187
USD,10/7/2013,131.2483
USD,10/4/2013,131.3159
USD,10/3/2013,131.4078
USD,10/2/2013,131.7903
USD,10/1/2013,131.9963
USD,9/30/2013,131.9809
USD,9/27/2013,131.9617
USD,9/26/2013,131.9833
USD,9/25/2013,132.1579
USD,9/24/2013,132.06
USD,9/23/2013,132.1387
USD,9/20/2013,132.25
USD,9/18/2013,132.25
USD,9/17/2013,132.2218
USD,9/16/2013,132.0965
USD,9/13/2013,132.2558
USD,9/12/2013,132.4238
USD,9/11/2013,132.88
USD,9/10/2013,132.9
USD,9/9/2013,132.9667
USD,9/6/2013,132.955
USD,9/5/2013,132.9972
USD,9/4/2013,133
USD,9/3/2013,133
USD,9/2/2013,132.9
USD,8/30/2013,133.0575
USD,8/29/2013,133
USD,8/28/2013,132.5
USD,8/27/2013,132
USD,8/26/2013,131.9254
USD,8/23/2013,131.8573
USD,8/22/2013,131.75
USD,8/21/2013,131.6
USD,8/19/2013,131.5205
USD,8/16/2013,131.4389
USD,8/15/2013,131.5434
USD,8/14/2013,131.6
USD,8/13/2013,131.6
USD,8/12/2013,131.59
USD,8/8/2013,131.6
USD,8/7/2013,131.598
USD,8/6/2013,131.594
USD,8/5/2013,131.6
USD,8/2/2013,131.6
USD,8/1/2013,131.5902
USD,7/31/2013,131.6
USD,7/30/2013,131.5714
USD,7/29/2013,131.6
USD,7/26/2013,131.5009
USD,7/4/2013,130.5896
USD,6/25/2013,128.8274
USD,6/21/2013,128.4449
USD,6/12/2013,127.3273
USD,6/7/2013,126.4642
USD,6/6/2013,126.456
USD,5/20/2013,126.1837
USD,5/13/2013,126.0029
USD,5/10/2013,126.0029
USD,5/8/2013,126.3673
USD,5/6/2013,126.2946
USD,4/5/2013,125.9784
USD,3/8/2013,127.3038
USD,2/1/2013,126.4532
USD,1/31/2013,126.4512
USD,1/30/2013,126.6989
USD,1/28/2013,127.0078
USD,1/24/2013,126.9609
USD,1/16/2013,126.3433
USD,1/15/2013,126.0684
USD,1/11/2013,126.0354
USD,1/10/2013,126.2912
USD,1/9/2013,127.2241
USD,1/8/2013,127.383
USD,1/7/2013,127.3895
USD,1/3/2013,127.3452
USD,1/2/2013,127.6522
USD,1/1/2013,127.3025
USD,11/20/2012,130.1379
USD,11/19/2012,129.9758
USD,11/16/2012,130.0545
USD,11/15/2012,130.3148
USD,11/14/2012,130.5591
USD,11/12/2012,130.7526
USD,11/9/2012,130.967
USD,11/7/2012,130.4533
USD,11/6/2012,130.3408
USD,11/5/2012,130.2943
USD,11/2/2012,130.3442
USD,11/1/2012,130.1015
USD,10/31/2012,130.0272
USD,10/30/2012,129.9543
USD,10/26/2012,130.1585
USD,10/25/2012,130.0182
USD,10/24/2012,129.926
USD,10/23/2012,129.6239
USD,10/22/2012,128.9909
USD,10/19/2012,128.9114
USD,10/18/2012,128.6954
USD,10/16/2012,128.4349
USD,10/15/2012,128.4985
USD,10/12/2012,128.5822
USD,10/11/2012,128.3627
USD,10/10/2012,128.3052
USD,10/9/2012,128.2126
USD,10/8/2012,128.4836
USD,10/5/2012,129.702
USD,10/4/2012,129.3008
USD,10/3/2012,129.1417
USD,10/2/2012,129.1083
USD,10/1/2012,129.2609
USD,9/28/2012,129.7943
USD,9/27/2012,130.9677
USD,9/26/2012,130.9657
USD,9/25/2012,131.1501
USD,9/24/2012,131.4135
USD,9/21/2012,131.4845
USD,9/20/2012,131.5943
USD,9/19/2012,132.0422
USD,9/18/2012,132.003
USD,9/17/2012,132.1385
USD,9/14/2012,131.7911
USD,9/13/2012,131.9484
USD,9/12/2012,132.2466
USD,9/11/2012,132.294
USD,9/7/2012,132.3629
USD,9/6/2012,132.2999
USD,7/10/2012,133.4704
USD,7/6/2012,133.6876
USD,7/2/2012,133.749
USD,6/29/2012,133.3044
USD,6/27/2012,133.1261
USD,6/25/2012,132.8667
USD,6/22/2012,132.8614
USD,6/20/2012,132.4807
USD,6/18/2012,131.7936
USD,6/15/2012,132.0539
USD,6/13/2012,132.3251
USD,6/11/2012,130.3868
USD,6/8/2012,130.1486
USD,4/4/2012,126.6993
USD,3/2/2012,122.0764
USD,3/1/2012,121.907
USD,2/29/2012,121.1198
USD,2/28/2012,120.5922
USD,2/27/2012,119.8025
USD,2/24/2012,119.1422
USD,2/23/2012,118.6797
USD,2/22/2012,118.4706
USD,2/21/2012,118.5696
USD,2/17/2012,119.3708
USD,2/16/2012,119.8908
USD,2/15/2012,119.1514
USD,2/14/2012,116.1085
USD,2/13/2012,114.9382
USD,2/8/2012,114.2906
USD,2/6/2012,114.0592
USD,2/3/2012,113.8996
USD,2/2/2012,113.8984
USD,2/1/2012,113.8997
USD,1/31/2012,113.9
USD,1/30/2012,113.8954
USD,1/27/2012,113.9
USD,1/26/2012,113.8988
USD,1/24/2012,113.9
USD,1/23/2012,113.9
USD,1/20/2012,113.9025
USD,1/19/2012,113.9
USD,1/18/2012,113.8996
USD,1/17/2012,113.8987
USD,1/13/2012,113.9
USD,1/12/2012,113.8984
USD,1/11/2012,113.9
USD,1/10/2012,113.9
USD,1/9/2012,113.9
USD,1/6/2012,113.8998
USD,1/5/2012,113.9
USD,1/4/2012,113.9
USD,1/3/2012,113.8998
USD,1/2/2012,113.8999
USD,12/16/2011,113.9
USD,12/15/2011,113.9
USD,12/14/2011,113.9006
USD,12/13/2011,113.8979
USD,12/12/2011,113.8997
USD,12/9/2011,113.8976
USD,12/8/2011,113.8997
USD,12/7/2011,113.9
USD,12/6/2011,113.9
USD,12/5/2011,113.9
USD,12/2/2011,113.9
USD,12/1/2011,113.8992
USD,11/24/2011,114.049
USD,11/14/2011,110.2
USD,11/9/2011,110.2
USD,10/21/2011,110.2
USD,10/20/2011,110.1979
USD,10/19/2011,110.1982
USD,10/18/2011,110.1957
USD,10/17/2011,110.2
USD,10/13/2011,110.1986
USD,10/12/2011,110.1903
USD,10/5/2011,110.1992
USD,10/4/2011,110.1988
USD,10/3/2011,110.1927
USD,9/30/2011,110.192
USD,9/29/2011,110.1958
USD,9/28/2011,110.2995
USD,9/26/2011,110.3
USD,9/23/2011,110.2953
USD,9/22/2011,110.1853
USD,9/20/2011,110.1
USD,9/19/2011,110.0936
USD,9/16/2011,110.0862
USD,9/15/2011,110.0783
USD,9/14/2011,110.1
USD,9/13/2011,110.0893
USD,9/12/2011,110.1116
USD,9/8/2011,110.1931
USD,9/7/2011,110.1031
USD,9/6/2011,110.089
USD,9/5/2011,109.9931
USD,9/1/2011,109.8998
USD,8/30/2011,109.8934
USD,8/29/2011,109.9907
USD,8/24/2011,109.9844
USD,8/23/2011,109.9712
USD,8/22/2011,109.9716
USD,8/19/2011,109.9277
USD,8/18/2011,109.9
USD,8/16/2011,109.8082
USD,8/15/2011,109.6805
USD,8/12/2011,109.7137
USD,8/11/2011,109.7393
USD,8/10/2011,109.7871
USD,8/9/2011,109.7747
USD,8/8/2011,109.7149
USD,8/5/2011,109.6625
USD,8/4/2011,109.6669
USD,8/3/2011,109.5813
USD,8/2/2011,109.4944
USD,8/1/2011,109.4789
USD,7/29/2011,109.4881
USD,7/28/2011,109.4665
USD,7/27/2011,109.4883
USD,7/26/2011,109.4919
USD,7/25/2011,109.4642
USD,7/22/2011,109.485
USD,7/21/2011,109.496
USD,7/20/2011,109.4968
USD,7/19/2011,109.4981
USD,7/18/2011,109.4967
USD,7/15/2011,109.6
USD,7/13/2011,109.5748
USD,7/12/2011,109.5
USD,7/11/2011,109.4995
USD,7/8/2011,109.5
USD,7/7/2011,109.4998
USD,7/6/2011,109.4987
USD,7/5/2011,109.4982
USD,7/4/2011,109.5021
USD,7/1/2011,109.5037
USD,6/30/2011,109.6071
USD,6/29/2011,109.6954
USD,6/27/2011,109.5917
USD,6/24/2011,109.5992
USD,6/23/2011,109.5713
USD,6/21/2011,109.5741
USD,6/17/2011,109.5673
USD,6/16/2011,109.5289
USD,6/14/2011,109.4597
USD,6/13/2011,109.4892
USD,6/9/2011,109.4853
USD,6/8/2011,109.6026
USD,6/7/2011,109.6122
USD,6/6/2011,109.7186
USD,6/3/2011,109.7485
USD,6/2/2011,109.6835
USD,6/1/2011,109.6599
USD,5/31/2011,109.7618
USD,5/30/2011,109.8797
USD,5/24/2011,109.8971
USD,5/23/2011,109.7941
USD,5/20/2011,109.7898
USD,5/19/2011,109.7921
USD,5/16/2011,109.7768
USD,5/13/2011,109.7469
USD,5/12/2011,109.7233
USD,5/11/2011,109.7756
USD,5/10/2011,109.7751
USD,5/9/2011,109.7957
USD,5/6/2011,109.713
USD,5/5/2011,109.7434
USD,5/4/2011,109.7815
USD,5/3/2011,109.9071
USD,4/29/2011,109.8512
USD,4/28/2011,110.1582
USD,4/26/2011,110.1952
USD,4/25/2011,110.2025
USD,4/21/2011,110.3004
USD,4/20/2011,110.3852
USD,4/19/2011,110.3842
USD,4/18/2011,110.3731
USD,4/12/2011,110.3112
USD,4/11/2011,110.3789
USD,4/6/2011,110.3592
USD,4/5/2011,110.3963
USD,4/4/2011,110.2816
USD,4/1/2011,110.3969
USD,3/31/2011,110.3929
USD,3/30/2011,110.3987
USD,3/29/2011,110.3923
USD,3/28/2011,110.3578
USD,3/25/2011,110.3928
USD,3/24/2011,110.3891
USD,3/23/2011,110.3683
USD,3/22/2011,110.3873
USD,3/21/2011,110.3638
USD,3/18/2011,110.3397
USD,3/17/2011,110.332
USD,3/16/2011,110.3852
USD,3/15/2011,110.1845
USD,3/11/2011,110.0047
USD,3/10/2011,110.007
USD,3/7/2011,110.5135
USD,2/28/2011,110.7909
USD,2/18/2011,111.0037
USD,2/15/2011,111.0909
USD,2/14/2011,111.0387
USD,2/11/2011,110.9815
USD,2/10/2011,110.9721
USD,2/9/2011,110.9969
USD,2/8/2011,110.9812
USD,2/7/2011,110.892
USD,1/31/2011,111.1007
USD,1/28/2011,111.0536
USD,1/27/2011,111.0493
USD,1/26/2011,110.9091
USD,1/25/2011,110.9216
USD,1/24/2011,111.0139
USD,1/21/2011,110.9594
USD,1/20/2011,110.8124
USD,11/25/2010,111.2437
USD,11/24/2010,111.3637
USD,11/16/2010,111.6964
USD,11/15/2010,111.685
USD,11/12/2010,111.6
USD,11/11/2010,111.6845
USD,11/10/2010,111.5843
USD,11/9/2010,111.5154
USD,10/13/2010,111.9335
USD,9/27/2010,112.3064
USD,9/21/2010,112.5442
USD,9/15/2010,112.5431
USD,9/14/2010,112.6132
USD,8/31/2010,112.6897
USD,8/27/2010,112.6058
USD,8/13/2010,112.3888
USD,7/30/2010,112.5618
USD,7/19/2010,112.7252
USD,7/14/2010,113.1292
USD,7/1/2010,113.5897
USD,6/22/2010,113.4625
USD,6/15/2010,113.572
USD,6/14/2010,113.5446
USD,6/2/2010,113.7567
USD,6/1/2010,113.8271
USD,5/14/2010,113.6573
USD,5/13/2010,113.7009
USD,5/12/2010,113.6854
USD,5/11/2010,113.6292
USD,5/7/2010,113.6975
USD,1/1/1994,49.41514167
USD,1/1/1995,51.25158917
USD,1/1/1996,55.27144417
USD,1/1/1997,58.994605
USD,1/1/1998,64.45011833
USD,1/1/1999,70.63545
USD,1/1/2000,77.00511667
USD,1/1/2001,89.38301333
USD,1/1/2002,95.662065
USD,1/1/2003,96.52095083
USD,1/1/2004,101.1944575
USD,1/1/2005,100.4980517
USD,1/1/2006,103.9144458
USD,1/1/2007,110.6232333
USD,1/1/2008,108.3337627
USD,1/1/2009,114.9447833
